职位名称,详细链接,公司名称,工作地点,薪资,发布时间,职位信息
Python开发工程师-财务报表平台,https://jobs.51job.com/beijing/120936463.html?s=01&t=0,字节跳动,北京,2-4万/月,03-26,"职位描述：
1、负责财务报表平台Python后端服务开发与维护；
2、负责高质量的设计和编码；承担重点、难点的技术攻坚；
3、负责推动、优化ETL技术体系、组件抽象，提升开发效率。
职位要求：
1、本科及以上学历，计算机等相关专业；
2、3年以上Python后端开发经验；
3、熟悉MySQL或NoSQL等常用储存方案及基本原理，能够合理设计数据库结构；
4、具有大数据存储和计算经验，了解或使用过hive，spark，hadoop，yarn，kafka等大数据存储与计算集群；
5、热爱技术，有较强的学习能力，有强烈的求知欲、好奇心和进取心 ，能及时关注和学习业界最新的技术；
6、熟悉pandas等数据工具，有jupyter使用或运维经验docker等容器技术相关经验者优先。
职能类别：
软件工程师
微信分享"
Python开发工程师(中科实数）,https://jobs.51job.com/beijing-cyq/110777636.html?s=01&t=0,广州中国科学院软件应用技术研究所...,北京-朝阳区,0.8-1.6万/月,03-26,"岗位职责：
1 负责公司内部项目服务端的研发工作；
2 负责编写设计开发文档、设计手册、应用手册相关技术文档；
3 参与项目需求认证，设计。
    任职资格：
1 本科以上（211,985优先）学历，计算机相关专业，三年以上Python 开发经验；
2 熟悉Django/Tornado/Flask等web框架；熟悉HTTP网络协议；
3 了解Javaicript、HTML、CSS、AJAX、Jquery、Bootstrap等前端技术；
4 熟练PostgreSQL，Mysql数据库的使用设计、调优；
5 熟悉Linux下的常用命令;
6 熟悉Redis/Memcache等优先。


职能类别：
软件工程师
微信分享"
python开发工程师-北京,https://jobs.51job.com/beijing-hdq/120727547.html?s=01&t=0,中电福富信息科技有限公司,北京-海淀区,1-1.5万/月,03-26,"1、 功能型脚本开发、测试；
2、 功能型工具开发，基本使用python开发，封装为windows的可执行文件；
3、 基于云资源池实现网络设备、主机和存储设备的监控，及告警规则建立，及应对告警的初步自动化处理方案；
4、 自动化运维平台构建，整合Prometheus、elk、蓝鲸平台，初步构建适合云公司内部的人员使用的自动化平台。

任职资格：
1、 计算机、软件工程、通信工程等相关专业，本科及以上学历；
2、 2年以上基于Linux/Unix平台的系统运维或开发经验；
3、 熟练使用Linux下各种常用命令；
4、 能够独立编写shell、python等脚本；
5、 熟悉使用Python标准库和流行第三方库，有Django web开发框架使用经验；
6、 熟悉JavaScript语言，能使用JQuery + DIV + CSS完成相应WEB开发;
7、 思维清晰，优化代码，解决Bug，能够独立完成项目；
8、 熟悉主流服务器基于带外的管理和配置及自动化的信息提取；
9、 熟悉主流交换机配置，有实际操作经验***；
10、  熟悉软件开发流程、设计模式，具备一定的需求分析和系统设计的能力。
职能类别：
Python开发工程师
关键字：
python
微信分享"
Python工程师,https://jobs.51job.com/beijing/107487885.html?s=01&t=0,中包物联网科技（北京）有限公司,北京,7-12万/年,03-26,"岗位职责：
1、设计和建立物联网云平台和数据设施；
2、优化大数据处理算法及数据库性能，实现大数据的数据挖掘及AI算法；
3、搭建系统开发环境，完成系统框架和核心代码的实现，负责解决开发过程中的技术问题；
4、同业务分析师和算法工程师协作，完成产品化落地；
5、参与软件工程文档、产品文档编写，满足质量要求；
6、做好模块集成、单元测试、模块测试及确认工作；
7、解决工程项目中遇到的问题，进行系统功能优化，安全等保证系统安全、稳定和快速运行；
任职要求：
1、全日制相关专业本科及以上学历，2年及以上相关工作经验；
2、掌握常见的Python框架，熟悉Flask、Numpy、Pandas
3、精通MySQL，熟悉关系型数据库，懂数据库配置、查询优化者优先；
4、熟练掌握Pycharm、SVN等常见工具；
4、熟悉Socket编程、HTTP、TCP协议等，有网络开发经验；
5、熟悉大数据量、高并发、高性能系统优化者优先；
6、熟悉XML、JSON、protobuf等数据封装方式
7、熟悉Linux常用命令，能独立完成Linux环境的搭建及应用的部署，熟悉Web容器性能调优，根据日志跟踪并定位问题。
8、能承受一定的工作压力，有责任心和上进心，能通过持续学习和完善自身，自信、有担当、执行力强、乐于分享;
9、有物联网、车联网、云计算项目开发经验者优先；
职能类别：
数据库工程师(DBA)软件工程师
关键字：
Python框架熟悉Flask精通MySQLSocket编程、HTTPXML
微信分享"
高级Python工程师,https://jobs.51job.com/beijing-cyq/120879071.html?s=01&t=0,北京荣之联科技股份有限公司,北京-朝阳区,2-3万/月,03-26,"1、计算机相关专业，本科及以上学历，10年以上爬虫相关工作经验； 
2、对爬虫编程有强烈爱好，熟练精通掌握至少1种语言java、python，在需要的情况下能快速上手新语言切换；
3、深入理解tpc/ip、http、以及web登录认证的机制，有成功破解复杂验证码的经验；
4、有通用分布式爬虫系统架构和开发经验，能快速部署新的爬虫应用；
5、已有5年以上网络爬虫或搜索引擎工作经验，参与过大规模数据爬虫优先考虑； 
6、有APP安全、逆向等领域的经验；
7、具有良好的沟通、团队协作、计划能力， 有过1-2人的团队管理经验；
8、熟练使用英语，能够进行日常沟通交流。
 资岗位职责：
1、建设完善分布式爬虫系统；
2、建立通用的爬虫框架，能够快速适应新的爬虫需求；
3、快速完成对目标资源的数据抓取、处理；
4、满足用户定制化要求，现场完成项目交付。
职能类别：
Python开发工程师
微信分享"
python少儿讲师,https://jobs.51job.com/beijing-dxq/120853221.html?s=01&t=0,达内时代科技集团有限公司,北京-大兴区,0.8-1.2万/月,03-26,"岗位职责：

1.      教授10岁以上孩子的python编程类课程

2.      负责指导学生完成课程内的项目制作

3.      录制青少年编程类视频课程

4.      协助课程顾问，与家长沟通学员上课情况与进度，对家长说明技术及课程内容，并给予合理建议

5.      配合公司完成其他交办工作

任职要求：

1.      统招本科以上学历，工作经验一年以上，有教育培训、早教、少儿编程教育、STEM、K12等工作经验者优先

2.      有教师资格证、师范类或计算机专业者优先

3.      熟练使用python语言，逻辑表达能力强

4.      热爱教育事业，喜欢小朋友，具有爱心和责任心

5.      具备良好的沟通能力讲解能力，口齿清楚，表达流利，较强的亲和力，形象气质佳，普通话标准

6.      愿意了解并熟悉少儿心理，熟悉小朋友的性格特点，调动学生的学习积极性

薪资待遇：

1.      科技前沿的学科，资本最火的朝阳行业少儿编程教育，国家大力提倡的少儿主力学科

2.      具备竞争性的薪资结构，标准的五险一金及额外的补充医疗保险

3.      团队核心骨干更可拿到上市公司具有长期更高收益的期权
职能类别：
讲师/助教软件工程师
关键字：
讲师python
微信分享"
Python开发工程师,https://jobs.51job.com/beijing-xcq/115334584.html?s=01&t=0,因诺（上海）资产管理有限公司,北京-西城区,1-2万/月,03-26,"【工作职责】
负责量化交易系统的前端设计和开发工作
负责我司相关运维平台设计和开发工作。
参与数据系统的开发；
参与公司策略盈亏分析系统的开发与维护；
【职位要求】
1、国内外计算机、电子、自动化等相关专业；
2、计算机编程能力强，精通Python语言，具有不低于一年的python实际项目经验。
3、熟练掌握Django等Python相关Web开发框架。
4、具有Linux系统环境下的开发经验，并具有编写Shell脚本的经验。
5、熟悉常见的关系型数据库如MySQL等，使用过版本控制工具Git；
6、心强，善于学习钻研，能够独立完成分配的开发工作；
7、交流能力强，善于团队协作；
【加分项】
1、有实际前端开发经验，熟悉CSS、JS、HTML等知识。
2、熟悉C++语言，并有过实际使用经历。
3、熟悉Restful协议，并具有实际开发经验。


职能类别：
软件工程师系统工程师
关键字：
PythonDjangoLinuxshellMySQLCSSJSc++
微信分享"
Python后端开发工程师,https://jobs.51job.com/beijing-cyq/107996008.html?s=01&t=0,乐荐信息科技（北京）有限公司,北京-朝阳区,1-2万/月,03-26,"工作职责:
(1) 与团队协同工作， 致力于Web应用及服务器端HTTP接口开发，构建高性能、高可用性的产品，服务以及支持系统；
(2) 你将完成程序编制及单元测试，并确保开发过程遵循公司的相关开发规范；
(3) 你将负责维护并升级完成的程序代码，因为需求会经常变更；
(4) 与产品及测试团队或其他需要你支持的部门保持良好的沟通；
(5) 我们可能需要你在压力下工作，以期保证产品服务的开发进度。

背景知识及技能要求:
(1) 熟悉Web应用程序体系结构(LAMP)；
(2) 具备深厚的面向对象编程经验；
(3) 精通基于Python Django的Web应用开发；
(4) 具备良好的面向对象程序设计基础；
(5) 熟悉HTTP协议、HTML规范，了解AJAX技术，深入了解HTML5的特性集；
(6) 精通基于JQuery的JavaScript程序；
(7) 熟悉MySQL / PostgreSQL数据库, 善用数据库建模工具进行数据库的设计；
(8) 熟悉Linux服务器系统环境，掌握必要的Unix Shell的用法；
(9) 熟悉Apache服务器的配置；
(10) 良好的代码书写规范。

我们找的就是你，致力于Web应用及服务器端HTTP接口开发，构建高性能、高可用性的产品，服务以及支持系统的你！加入乐荐，扶摇直上！
职能类别：
软件工程师
关键字：
PythonJavaScriptHTMLCSSLinuxWeb端DjangoGIT
微信分享"
Python中级开发工程师,https://jobs.51job.com/beijing-xcq/119756829.html?s=01&t=0,深圳市赢时胜信息技术股份有限公司...,北京-西城区,1-1.2万/月,03-26,"1、岗位职责
（1）全面、认真地理解系统需求和系统设计。
（2）对系统设计进行实现最后层次的细化工作。
（3）独立承担编制代码及代码的单元测试工作。
（4）负责解决开发中遇到的较复杂的技术难题和技术攻关。
（5）负责核心业务、公共组件等重要功能的编程实现。
（6）认真贯彻执行公司质量体系文件及其相关制度的管理要求。
（7）执行公司、中心各项管理制度、标准作业规程和操作规范，确保各项工作符合规范化要求。
2、任职要求
（1）计算机相关专业本科以上，从事开发5年以上，211以上学历优先。
（2）精通OO，AOP，设计模式，熟悉多线程并发，网络编程技术。
（3）精通python 技术栈，包括 pandas，numpy等，熟悉使用python进行数据处理。
（4）熟练使用Mysql、Oracle数据库，掌握sql语言规范，具有国产数据库、分布式数据经验者加分。
（5）有分布式开发经验、熟练使用分布式服务框架，消息中间件和分布式存储系统等。
（6）对技术有强烈的兴趣，喜欢钻研，具有良好的学习能力，沟通技能，团队合作能力。

职能类别：
Python开发工程师
关键字：
python软件开发
微信分享"
python开发,https://jobs.51job.com/beijing-cyq/117605888.html?s=01&t=0,深圳市捷兴电子商务有限公司,北京-朝阳区,2-3万/月,03-26,"工作职责：
      1. 负责公司devops平台的研发。
      2. 负责公司监控平台二次研发工作。
      3. 负责devops同k8s对接。
      职位要求：
      1. 熟悉python + django 框架。
      2. 熟悉vue， bootstrap, jquery，ajax等前端框架。
      3. 实施过devops平台 以及cmdb数据库的设计。
      4. 能够基于各种python开源框架做二次开发。
      5. 有reset api设计经验。
      6. 有k8s 运维经验优先。  
职能类别：
高级软件工程师软件工程师
关键字：
python开发
微信分享"
Python开发工程师,https://jobs.51job.com/beijing/120325115.html?s=01&t=0,文思海辉技术有限公司Pactera Tec...,北京,1-1.5万/月,03-26,"职位描述：
1.负责某车联网在线服务RESTFUL API开发工作；
2.负责某车联网业务web系统开发。
职位要求：
学历要求:本科及以上
岗位要求：
1.具备至少5年以上开发经验，熟悉Golang和Python，参与过完整并上线的多个项目案例；
2.有Golang和Python Web项目开发经验；
3.熟练运用MySql，具有MySQL索引优化、查询优化经验；
4.熟练掌握缓存知识，熟悉redis或memcache；
5.具有扎实的HTML、CSS、JAVASCRIPT基础； 熟练使用nginx，uwsgi部署应用；
6.熟练使用Linux命令进行问题分析，快速定位问题；
7.熟练使用版本控制管理工具git；
8.有良好的代码习惯，结构清晰，命名规范，代码冗余率低；
9.具备较强的学习钻研能力和主动性，逻辑性强具有快速解决问题的能力。
职能类别：
软件工程师
微信分享"
Python高级开发工程师,https://jobs.51job.com/beijing-hdq/94990357.html?s=01&t=0,北京棣南新宇科技有限公司,北京-海淀区,1.5-2万/月,03-26,"职责：
开发微服务平台系统。

要求：
1. 正规大学本科以上学历。
2. 3年及以上Python开发经验，精通Python开发。
3. 精通Django框架，有实际应用项目经验。
4. 熟悉HTML5，Javascript，Json，熟悉Mysql数据库，熟练使用SQL。
5. 有websocket server开发经验者优先。
6. 有Redis开发、部署经验者优先。
7. 了解HTTP协议，微服务，以及Restful API。
8. 熟悉云服务平台（google，ali），了解服务器的部署和监控，了解负载平衡。
9. 了解敏捷开发，熟悉软件设计模式。
职能类别：
软件工程师高级软件工程师
关键字：
PythonDjangoHTML5JavascriptJsonMysqlSQLHTTPRestfulAPI
微信分享"
软件测试工程师（C++、java、python）,https://jobs.51job.com/beijing/113363548.html?s=01&t=0,北京天行汇通信息技术有限公司,北京,1-2万/月,03-26,"职位描述：
1.根据项目说明、设计文档、使用说明书等，做好测试前的准备工作，保证产品测试工作的计划性与规范性；
2.按照测试流程、计划以及对产品特性的把握，编写测试案例，确保测试目的的达成；
3.根据测试计划及测试案例，执行测试，确保在软件发布前基本排除其缺陷；
4.根据测试结果，与开发部门等反复沟通测试情况，修正测试中发现的缺陷，完善软件性能；
5.整理测试文档，编写测试总结；
6.完成测试相关工具的开发。

任职资格：
1.学历要求：
-毕业于211或985院校、统招本科及以上学历。
2.能力要求：
-熟悉java、C/C++、Python其中一种语言，具备软件工程理论知识，精通软件测试理论及测试方法；
-能够熟练书写测试脚本、测试用例，熟练使用各种测试工具；
-熟悉Junit/gtest/unittest其中一种框架。
3.优先考虑：
-有团队管理经验者优先。
职能类别：
软件测试工程师系统测试
微信分享"
Python/Java Software Engineer,https://jobs.51job.com/beijing-cyq/115035415.html?s=01&t=0,北京莱博智环球科技有限公司,北京-朝阳区,1.4-1.6万/月,03-26,"What You'll Do 
You will work with our software team to develop and deliver an unprecedented end-to-end localization automation solution that supports our cloud and on premises software products in up to multi languages spoken around the world. This is an ideal opportunity for someone with strong technical skills and is passionate about cultures and languages. Your responsibility will include: 
Establish operational and technical procedures, develop tools and integration solutions to automate and streamline internal workflow and processes
Perform day to day localization software engineering work for software user interface and documentation
Create and maintain high quality language packs in various languages for the collaboration products, both on premise and cloud based
Troubleshoot, resolve, and document localization issues and customer cases 
          Who you will work with
You've got experience creating automation tools and solutions for software and web-based applications. You will work with a group of professionals delivering culturally appropriate, high quality localized product software and documentations. You have an unique opportunity to join this highly empowered collaborative team.
  Who You are
You are a motivated self-starter who is highly results driven, love what you do, and strive to achieve engineering excellence and take initiative in your ongoing self-development. Inspire teamwork and collaboration.
   Our minimum requirements for this role:
  Bachelor's degree or Masters preferably in Computer Science or other related engineering discipline.
2 years of fully engaged Python software engineering, development, and testing, in a scrum or paired programming environments
2 years of experience in Java development, HTML, CSS, and JavaScript
Working experience with CI/CD systems Git, GitHub, Jenkins
Ability to learn and adapt to new, complex development environments with deep dive analytical skills and quantitative problem-solving ability
            Our desired requirements for this role:
Localization engineering experience preferred. Experience in enterprise applications
Working knowledge of cloud platforms (such as AWS) and SQL
Experience in Translation Memory Management Systems (XTM Cloud or WorldServer) or Computer Aided Translations tools (Passolo or Trados) 
Self-starter with demonstrated ability to learn quickly, take initiative, and be accountable for results and deadlines
Flexibility and creativity in planning and problem solving throughout the product life cycle, from high level conceptual design to detailed implementation and testing tasks
Able to communicate and collaborate effectively with team members of varied work styles
Understanding for diverse cultural, political and religious environments and be able to work successfully in those environments. Maintaining a sense of humor in stressful situations

职能类别：
软件工程师
关键字：
PythonJava
微信分享"
Python工程师,https://jobs.51job.com/beijing/115265485.html?s=01&t=0,奇虎360科技有限公司,北京,2.5-3万/月,03-26,"岗位描述：

职位描述：
1、 负责信息安全系统服务端设计与开发；
2、 与前端进行联调；
3、 现有系统的维护，优化。

任职要求

职位要求：
1、 本科以上学历计算机相关专业，如能力突出或项目经验丰富可放宽要求；
2、 熟悉Linux开发环境；
3、 熟练掌握Python；
4、 良好的算法基础；
5、 熟悉常用数据库使用和网络基础；
思路清晰，有独立思考解决问题的能力；
良好的团队合作精神，共享精神，对工作具有责任心，勤奋好学。
能力加分：
1、 有信息安全背景优先；
2、 有团队管理经验优先；
3、 有机器学习经验背景优先。
职能类别：
高级软件工程师
微信分享"
"Software Engineer - Python, C++（121763）",https://jobs.51job.com/beijing/115694701.html?s=01&t=0,西门子（中国）有限公司Siemens L...,北京,,03-26,"提醒：
请务必通过西门子专属申请链接（如下）申请该职位，您需要登录西门子专属招聘系统后方可提交申请，未注册用户需先注册。https://ars2.equest.com/?response_id=341ed18ec81f713167825859c0463ce2

Job Description We are looking for a design application lead engineer for cutting edge design applications development for Gas Turbine Engineering. This position provides an exciting opportunity to work in a fast paced, dynamic, product development environment to develop design applications for gas turbine components at Siemens Gas Turbine R&D Hub in Beijing. What are my responsibilities? • Development of gas turbine system and component design tools including all phases of the development life cycle (i.e., functional specifications, implementation, testing, and release) Software requirement analysis and clarification with customers, break down software requirements into functional specification and design specification, concept design and detail designLeading developing new design applications and upgrades in the interdisciplinary teams. Ensure software coding quality according to standards and agile development process.Software implementation as well as technical documentation, and customer training. Trouble shooting on complex solutions and technical difficulties during project implementationCustomer-oriented software solutions and products marketing, keeping close interaction with customer to do project planning, project management and project coordinationWhat do I need to qualify for this job?· Master or above in Software Engineering, Mechanics/Mechanical Engineering, or Aerospace Engineering· Over 3 years of experience with a programming language (e.g., Python, C++) and Linux a plus Over 2 years of experience in system requirement analysis, architecture design and optimization are required· Experience of leading small software development teams is desirable where User Experience, front- and back-end design and implementation were performed· Advanced knowledge of computational method with proven expertise in CAD and/or CAE simulation.· Understanding of engineering design process (e.g., gas turbine, aircraft, or other complex systems)· Design/analysis experience with components for turbo-machinery applications or similar applications is a plus.· Demonstrated detail-oriented and innovative thinking mindset· Ability to communicate effectively with external customers· Must have exceptional inter-personal skills and enjoy working with colleagues from different organizations and cultural background· Fluent in English and Chinese.
职能类别：
软件工程师
微信分享"
Python开发工程师,https://jobs.51job.com/tangshan/119718166.html?s=01&t=0,唐山千家网络科技有限公司,异地招聘,0.7-1.5万/月,03-26,"职位：Python软件工程师  SE-L7-0810

薪资待遇：6.5千-1.5万

福利待遇：    
工资稳定且有良好广阔的晋升空间，公司拥有完善的晋升体制与培训体系，所有中、高层管理人员均由基层培养；办公环境宽松活泼，非常适合年轻人的进步和成长。正式员工可享受五险一金。    

职业规划：    
程序员→高级程序员→软件工程师→架构师/系统分析师→技术总监→首席技术官（CTO）；    
程序员→高级程序员→软件工程师→项目经理→开发部经理→公司高管；    
程序员→高级程序员→软件工程师→需求工程师→售前工程师→运营经理→公司高管；    

岗位职责：    
1、遵守编码规范和操作流程，负责程序编写和单元测试。    
2、具备清晰的逻辑思维，配合前端编写后台服务。    
3、简单的业务讲解，指导初级程序员，分享开发经验与技能。    

任职要求：    
1、大专及以上学历，3年以上开发经验。    
2、熟悉Python编程语言；熟练使用django和Flask；至少掌握两种开发语言。    
3、至少熟悉一种数据库，能够熟练编写SQL脚本。    
4、面向对象的编程思想能合理运用在项目中。    

加分项：    
1、熟悉gitlab持续集成，交付流程，会编写CI/CD脚本    
2、熟悉Git工作流    
3、有自己独立作品    


联系电话：刘经理18631512871
职能类别：
软件工程师
微信分享"
python开发,https://jobs.51job.com/beijing-cyq/117622446.html?s=01&t=0,深圳市若昕科技有限公司,北京-朝阳区,2-3万/月,03-26,"工作职责：
      1. 负责公司devops平台的研发。
      2. 负责公司监控平台二次研发工作。
      3. 负责devops同k8s对接。
      职位要求：
      1. 熟悉python + django 框架。
      2. 熟悉vue， bootstrap, jquery，ajax等前端框架。
      3. 实施过devops平台 以及cmdb数据库的设计。
      4. 能够基于各种python开源框架做二次开发。
      5. 有reset api设计经验。
      6. 有k8s 运维经验优先。  
职能类别：
高级软件工程师软件工程师
关键字：
python开发
微信分享"
Python开发工程师,https://jobs.51job.com/beijing-hdq/119024346.html?s=01&t=0,北京聚源锐思数据科技有限公司,北京-海淀区,0.8-1万/月,03-26,"（一）岗位描述：
1、负责设计和开发分布式网络爬虫系统，进行多平台信息的抓取和分析
2、负责信息抽取、数据清洗等研发和优化工作
3、负责抓取数据的深度提取和挖掘
4、参与爬虫核心算法的策略优化研究，提升网页抓取的效率和质量。
（二）任职要求：
1、熟悉linux平台开发，精通Python/Java两种编程语言中的至少一种
2、精通网页抓取原理及技术，精通正则表达式，从结构化的和非结构化的数据中获取信息
3、熟悉Mysql，有过数据库调优和海量数据存储经验优先
4、具有搜索相关技术研发经验者优先
职能类别：
软件工程师
微信分享"
Python开发工程师,https://jobs.51job.com/beijing/118631099.html?s=01&t=0,深圳市法本信息技术有限公司上海分...,北京,1.5-2.2万/月,03-26,"注：1,3年以上经验  2，高级或者资深级别3,***可以带团队4，学历学信网可查5，全栈***6，上班地点顺义区中航信大楼

1,三年以上开发经验
2,精通Python及Web开发，至少精通一项python web框架比如Django；有实际web业务应用开发经验
3,熟练掌握mysql，熟悉redis及消息队列等中间件
理解分布式服务概念，具有中间件使用经验，有较复杂的业务场景实现经验
4,有互联网公司开发经验，熟悉DevOps工具链和生态系统，具备DevOps领域的架构设计与实践经验者优先
5,熟悉java/reactJs/docker者优先
职能类别：
软件工程师
关键字：
dockerDjango
微信分享"
Python开发工程师,https://jobs.51job.com/beijing-hdq/118654749.html?s=01&t=0,北京寄云鼎城科技有限公司,北京-海淀区,1.5-2万/月,03-26,"职责：
1、负责云平台服务端模块的开发；
2、对新技术和方案进行调研评估和引进。


要求:
1、精通Python语言，熟练使用Python标准库模块和第三方模块；
2、熟悉高级消息管理协议，如RabbitMQ、Kafka；
3、熟练使用Linux系统，熟悉各种Linux命令的使用，能够在Linux环境下进行开发工作，对虚拟化技术有一定的了解；
4、了解开源项目，有OpenStack，CloudStack开发经验优先。
5、熟悉运维流程，熟悉自动化运维配置管理（Saltstack、Ansible等）优先。
职能类别：
软件工程师
微信分享"
Python算法研发工程师一名,https://jobs.51job.com/beijing-hdq/120378329.html?s=01&t=0,北京立方天地科技发展有限责任公司...,北京-海淀区,0.6-1.5万/月,03-26,"1、技术人员职位，需按上级领导指示定期完成量化的工作要求；
2、能够独立处理和解决所负责的任务；
3、负责数据维护、统计分析、策略开发及代码编写；
4、维护程序使之保持可用性和稳定性。

职位要求 ：
1、理工科本科及以上学历，具有优秀的研究能力和编程实现能力；
2、熟练掌握Python，有长期使用Python进行数据处理的经验；
3、有较强的数据分析和统计能力，有时序信号分析经验者优先，会使用机器学习者优先；
4、做事严谨踏实，责任心强，有良好的团队合作精神和沟通协调能力。
5、数学、计算机、金融等相关专业学习背景者优先考虑。

北京立方天地科技成立于2002年，坐落于北京市海淀区北三环，是国内PIV系统生产商，业务范围涵盖了PIV技术相关的设备生产、销售、使用、维护到客户订制方案的解决。是一支具有高学历高素质的研发团队，保证用户可以不断拥有采用新型的PIV技术开发所得各种产品，由于业务扩大现招聘Python算法研发工程师一名以及流体力学工程师一名，欢迎有识之士加入我们！

福利待遇：五险一金、年终奖金、绩效奖金，***。

职能类别：
算法工程师Python开发工程师
关键字：
Python算法工程师研发工程师数据处理数据分析
微信分享"
python开发,https://jobs.51job.com/beijing-cyq/117623562.html?s=01&t=0,上海雍米计算机科技有限公司,北京-朝阳区,2-3万/月,03-26,"工作职责：
      1. 负责公司devops平台的研发。
      2. 负责公司监控平台二次研发工作。
      3. 负责devops同k8s对接。
      职位要求：
      1. 熟悉python + django 框架。
      2. 熟悉vue， bootstrap, jquery，ajax等前端框架。
      3. 实施过devops平台 以及cmdb数据库的设计。
      4. 能够基于各种python开源框架做二次开发。
      5. 有reset api设计经验。
      6. 有k8s 运维经验优先。  
职能类别：
高级软件工程师软件工程师
关键字：
python开发
微信分享"
Python开发工程师,https://jobs.51job.com/beijing/120817366.html?s=01&t=0,北京安德医智科技有限公司,北京,1-1.8万/月,03-26,"python开发工程师
将会参与AI引擎开发团队，负责AI的集成开发工作。
1，熟练掌握Python编程语言，并具备一定的前端开发基础；
2，熟练掌握linux使用技能；
3，熟练掌握sql脚本，熟悉postgresql数据库的优先；
4，熟悉docker的生态环境；
5，熟练git等代码管理工具；
6，熟悉医学图像、dicom协议的优先；
职能类别：
Python开发工程师
微信分享"
高级测试-python,https://jobs.51job.com/beijing-hdq/119947861.html?s=01&t=0,广联达,北京-海淀区,1.5-2万/月,03-26,"岗位职责：
1、参与项目的全流程测试，根据计划制定测试用例并实施，撰写测试报告，及时发现并汇报问题，跟踪全程并评估风险，保证项目质量;
2、参与完成产品的接口测试、集成测试、系统测试及产品性能和其他方面测试;
3、系统测试环境搭建及维护工作。

任职要求：
1. 精通测试分析及用例设计方法，精通测试思想和常规测试流程，能独立制定测试策略、搭建测试环境、编写测试计划、测试报告等；
2. 精通B/S产品测试、端产品测试，有能力规划端到端的自动化测试，对测试分层有实践经验和规划能力；
3.本科及以上学历，沟通能力强，学习能力强；
4.参与过ToB大型项目的测试设计、使用python自动化测试过程者优先；
职能类别：
软件测试工程师
关键字：
python自动化测试
微信分享"
Python工程师,https://jobs.51job.com/beijing-cyq/120488947.html?s=01&t=0,医药魔方,北京-朝阳区,1-2万/月,03-26,"1、负责文本分类、语义理解、情感分析等NLP任务的研发工作；
2、负责NLP算法系统的开发和优化。
岗位要求：
    1、国内外知名学校的硕士研究生及以上学历；具有计算机、电子、数学等相关专业背景   
2、具备良好的编码能力，数据结构和算法功底；   
3、熟悉Linux开发环境，熟练掌握Python等编程语言；   
4、熟悉restful风格接口规范   
5、熟悉NLP方向的理论及常用工具，有深度学习相关NLP项目经验的优先


职能类别：
Python开发工程师软件工程师
关键字：
python软件开发开发工程师
微信分享"
Python研发工程师,https://jobs.51job.com/beijing/119923751.html?s=01&t=0,北京利和制药有限公司,北京,2-4万/月,03-26,"一、岗位职责:
1. 负责自动化运维工具开发，搭建自动化运维平台，提高整体运维效率；
2. 参与自动化操作系统的软件产品设计开发任务;
3. 负责自动化操作工具的开发和优化；
4. 提供自动化操作工具的自动化部署、监控和升级；
5. 能够解决问题，支持业务开发人员使用操作工具并持续优化。

二、任职要求:
1. 计算机及相关专业本科及以上学历，2年以上Python开发经验；
2..精通Python语言，熟悉Python多进程应用开发，熟悉django等开发框架； 
3、熟悉常用的设计模式；熟悉CMDB、监控、CI/CD实现等相关开源技术; 熟悉Saltstack/Puppet/Ansible等开源自动配置/管理工具;
4、必须熟悉linux开发环境，熟悉常用运维工具和中间件； 熟练使用Mysql、Posgresql，熟悉Nosql数据库如hbase,Redi,Mongodb等；
5、有爬虫，后端服务，大数据，算法相关经验者优先考虑;
6.逻辑思维清晰，善于团队合作与管理，对新技术有强烈的探索欲望，责任心强，能够承受工作压力，有强烈的责任心;
7.有敏捷开发经验优先;
8.有健康医疗、私有云开发、云应用市场、跨境电子商务、电子口岸等相关产品经验优先;


职能类别：
高级软件工程师Python开发工程师
关键字：
python软件工程师
微信分享"
Python开发工程师,https://jobs.51job.com/beijing-cyq/114166286.html?s=01&t=0,北京三六九数动科技有限公司,北京-朝阳区,2-2.5万/月,03-26,"岗位职责：
1. 负责服务器端后台设计、功能开发及维护；
2. 参与技术方案讨论和技术调研；
3. 负责相关工具开发和相关文档的编写；
4. 负责服务器性能的优化，保证服务端稳定安全的运行；
5.产品上线后，保障运营平台的稳定，解决相关技术问题
任职资格：
1.计算机、软件开发、通信、电子类相关专业全日制本科及以上学历,5年以上Python开发工作经验；
2.熟练使用python编程；了解Django、tornado、 Flask等常用的Web框架开发；有一定的Git、VIM使用经验；
3. 熟练使用Linux系统，对算法、数据结构有一定了解；
4.熟练掌握MySQL/Memcached/ElasticSerch 等常用存储技术（数据库系统）；
5. 热爱工作, 有良好的学习能力, 能够接受新鲜事务, 对新技术及新模块可以快速掌握运用；
6. 良好的沟通与表达能力、思路清晰，较强的动手能力与逻辑分析能力。
职能类别：
软件工程师
微信分享"
Python 工程师,https://jobs.51job.com/beijing-cyq/115007713.html?s=01&t=0,北京友聚四海网络科技有限公司,北京-朝阳区,1-1.5万/月,03-26,"岗位职责
1.使用Python语言编程技术实现产品功能；
2.主动推进产品功能进化，配合产品经理挖掘产品价值；
3.数据模型设计，相关文档编写。
任职要求：
1.熟悉Python主流Django框架；
2.熟悉Mysql，熟悉Memcached, Redis等常见的NoSQL数据存储者优先； 
3.有良好的编码习惯，对代码和设计质量有严格要求，重视Code Review ；
4.具有自我驱动、创新和团队精神，乐于沟通和分享，热爱开源，保持开放心态。
职能类别：
其他
微信分享"
Python开发工程师,https://jobs.51job.com/beijing/97824451.html?s=01&t=0,北京斯普信信息技术有限公司,北京,1-1.5万/月,03-26,"1、完成网络拓扑架构研发
2、完成页面布局、浏览器适配、分辨率适配等功能
3、完成相应模块的前端及后端功能研发
4、配合完成测试以及bug修复
任职资格：
1、熟悉HTML5、CSS、JS、AJAX、JSON、Web、bootstrap等框架开发；
2、熟悉拓扑功能实现，有过拓扑展示开发经验；
3、熟悉不同浏览器之间的差异，熟练调试代码；
4、有较强的前端布局设计、规划能力，能准确把握网站的整体风格和色彩的设计；
5、熟悉python等开发语言，熟悉运维业务运作流程优先考虑；
6、了解常用数据库系统，例如Oracle，MySQL等，熟悉常用的SQL语句。
7、具备好的团队能力和良好的沟通能力，良好的理解力和学习能力； 

职能类别：
高级软件工程师
关键字：
Python开发
微信分享"
后端高级工程师（Python）,https://jobs.51job.com/beijing-hdq/109278655.html?s=01&t=0,中建材信息技术股份有限公司,北京-海淀区,1.5-2.5万/月,03-26,"1、系统架构的开发；能给出系统的技术方案，核心代码开发和系统优化；
2、参与制定代码规范、测试规范，建立起开发质量控制方法；
3、协助团队攻克技术难关；参与技术调研，新技术引入等。

任职资格：
教育背景：本科及以上学历，计算机或相关专业毕业，能力优秀者可放宽;                                                                                                                     
工作经验：4年以上                                                                                                                          
技能、技术要求：
1. 熟练使用Python；精通Python开发框架：flask/django/tornado；
2. 熟练使用Mongo DB、redis、mysql 等数据库，熟悉性能优化；
3. 对面向对象有深刻的理解、熟悉常用设计模式，熟悉微服务架构，有丰富的开发经验；
4. 开发语言无依赖。有强烈的学习意愿，能够适应项目中不同语言的开发；
认证资格要求：无                                                                                                                       
通用胜任力素质要求：
1. 有扎实的编程能力，思路清晰，善于思考，能独立分析和解决问题；
2.责任心强，具备良好的团队合作精神和抗压能力；                
职能类别：
项目主管
微信分享"
Python开发工程师,https://jobs.51job.com/beijing-ftq/111252070.html?s=01&t=0,北京展云科技有限公司,北京-丰台区,1.5-2.5万/月,03-26,"任职要求:
1. 三年以上工作经验。
2. 精通Python语言（Python3），熟练使用至少一门面向对象语言，精通至少一种Python Web后端框架（首选Flask, 其次Django）；
3. 能独立开发RESTful API服务；熟悉Python后端程序的性能优化；
4. 熟练掌握MongoDB，了解mongoDB机制，掌握各种查询语法，懂得数据库查询调优。能够使用MySQL、Redis，具有数据库设计和 SQL 优化能力；
5. 熟悉多进程、多线程、协程，熟悉常见的网络编程模型；
6. 熟悉http/websocket等协议及相关知识，熟悉nginx等web服务器常用配置；
7. 能够维护已有代码；
8. 良好的英文阅读与理解能力；
9. 能够接受的敏捷开发方式，紧张的开发节奏；
10. 具备良好的沟通能力和团队协作精神，善于学习、研究、总结，乐于分享。
职能类别：
软件工程师
关键字：
产品研发
微信分享"
Python开发工程师-北京-00113,https://jobs.51job.com/beijing/118708929.html?s=01&t=0,北软互联（北京）科技有限公司,北京,1-1.5万/月,03-26,"职位描述

职责描述：
1、根据项目需求，开发和维护python算法框架；
2、进行金融工程指定算法实现；
3、python相关系统的测试、安装部署、性能调优、技术支持等工作。
4、负责研发基于数理模型及人工智能算法的做市以及自营交易算法， 涵盖银行间市场主要交易资产类别，包含债券，外汇，贵金属等现货及各衍生品；
5、与客户业务部门紧密合作，负责客户委托的策略开发工作；
6、与公司开发团队紧密合作，负责把编辑的策略嵌入部署至系统中。
岗位职责

任职要求：
1、全日制大学本科及以上，数学、物理及计算机或相关专业；
2、具备2年以上python开发经验，有实际项目开发；对数据敏感，具备优秀的数据分析能力；
3、熟悉Windows及Linux下python的安装、部署及调试；
4、具备良好的沟通协调能力和团队合作意识，工作踏实，态度积极，能够承受工作压力；
5、熟悉金融行业基本知识及有金融工程算法开发实现经验者优先；
6、熟练使用python, R, matlab任意一项或者多项编程语音；
职能类别：
软件工程师高级软件工程师
微信分享"
Python开发工程师(网络安全行业）,https://jobs.51job.com/beijing-hdq/120500919.html?s=01&t=0,江苏御维科技有限公司,北京-海淀区,1.2-2万/月,03-26,"岗位职责
 1. 参与产品需求分析，产品设计；
 2. 负责系统RESTFUL服务接口开发，系统业务后台开发和相关文档的编写；
 3. 负责服务器性能的优化，保证服务端稳定安全的运行。
 岗位要求
 1. 本科及以上学历，3年以上Python语言开发经验；
 2. 熟练掌握flask开发框架，具有独立搭建web后端和部署的实际经验，能够实现后端需要的各种功能，除flask框架外，还熟悉其他python web开发框架者优先；
 3. 理解并能应用RESTFul规范,具备较强的编程能力和良好的编码风格；
 4. 熟悉 Linux 以及服务器端常用软件，对算法、数据结构有一定了解；
 5. 熟悉 MongoDB/MySQL/Redis/ElasticSerch 等数据库；
 6. 有网络安全产品开发经验者优先。
职能类别：
Python开发工程师
关键字：
python爬虫软件开发flask
微信分享"
python开发工程师,https://jobs.51job.com/beijing-cyq/119774827.html?s=01&t=0,360金融,北京-朝阳区,2.5-4万/月,03-26,"岗位职责：
1、负责算法模型的工程化实现；
2、协助或者负责框架设计。
任职要求：
1、需具备5年以上Python开发经验，参与过大型高并发网站开发和实施工作；
2、精通Python语言，熟练使用常用模块，使用过Flask/Django/Tornado等web框架；
3、具有良好的自学能力，能通过研究开源项目来解决开发中遇到的难题；
4、熟悉以下技术者优先考虑：Redis、Memcache、MongoDB、Hadoop。
职能类别：
软件工程师
微信分享"
python开发,https://jobs.51job.com/beijing-cyq/117614294.html?s=01&t=0,广州华钧软件科技有限公司,北京-朝阳区,2-3万/月,03-26,"工作职责：
      1. 负责公司devops平台的研发。
      2. 负责公司监控平台二次研发工作。
      3. 负责devops同k8s对接。
      职位要求：
      1. 熟悉python + django 框架。
      2. 熟悉vue， bootstrap, jquery，ajax等前端框架。
      3. 实施过devops平台 以及cmdb数据库的设计。
      4. 能够基于各种python开源框架做二次开发。
      5. 有reset api设计经验。
      6. 有k8s 运维经验优先。  
职能类别：
高级软件工程师软件工程师
关键字：
python开发
微信分享"
Python开发工程师,https://jobs.51job.com/beijing/87083574.html?s=01&t=0,博彦科技股份有限公司,北京,1-1.5万/月,03-26,"岗位职责：
人工智能类产品的相关开发工作

岗位要求：
1.计算机相关专业本科及以上学历，2年以上开发经验；
2.至少掌握一种动态语言的开发（如python, perl, ruby等），python优先；
3.良好的学习能力、沟通能力，较强的抗压，独立工作和解决问题的能力；
4.掌握基本的数据结构和算法知识；
5.掌握C#或其他编程语言者优先。
职能类别：
软件工程师
微信分享"
诚聘Python数据工程师,https://jobs.51job.com/beijing-cyq/120658903.html?s=01&t=0,北京环球医疗救援有限责任公司,北京-朝阳区,1.5-2万/月,03-26,"岗位职责：
1. 从结构化的和非结构化的数据中获取文本信息，对海量文本数据进行提取、去重、清洗、入库等操作
2. 综合运用各种算法对预处理后的文本数据进行搜索、分类、实体识别、关系识别、模式识别等操作
3. 参与数据产品的的需求调研和分析，撰写相关技术文档
4. 有时需要进行算法可视化的设计和研发

任职要求：
1. 计算机或相关专业本科以上
2. 熟练掌握Python语言，三年以上实际Python项目开发经验
3. Python的科学计算库numpy、scipy、数据分析库pandas、机器学习库scikit-learn库的熟练使用
4. Python的re、requests、beautifulSoup等库的熟练使用
5. 熟悉常见的数据库，例如MySQL、MongoDB、Redis等
6. 熟悉ElasticSearch等全文检索工具
7. 有深度学习、NLP算法经验是加分项
职能类别：
Python开发工程师算法工程师
关键字：
pythonpython数据python开发
微信分享"
Python开发工程师,https://jobs.51job.com/beijing/112936784.html?s=01&t=0,北京中软融通科技有限公司,北京,0.7-2万/月,03-26,"岗位职责：
1. 搭建系统开发环境，完成系统框架和核心代码的开发，负责解决开发过程中的技术问题
2. 负责Python技术的相关产品规划、需求、设计、开发、测试等研发工作
3. 研究并跟踪IT前沿技术
任职要求：
1. 大学本科或以上学历，计算机或相关专业毕业，2年以上开发经验
2. 熟悉Linux操作系统
3. 熟悉HTTP、TCP/IP等协议
4. 熟悉常用数据结构及算法
5. 精通Python，掌握爬虫技术，熟悉 pyspider框架等；熟悉Django、tornado框架
6. 熟悉MySql数据库和Redis、MongoDB等NoSQL技术
7. 有移动互联网、微信公众号、小程序开发经验者优先
8. 需具备独立设计数据库并且独立开发内部系统的能力
9. 具有良好的编程思想、沟通、团队合作精神、优秀的分析问题和解决问题的能力，能够独立承受工作压力

职能类别：
高级软件工程师软件工程师
微信分享"
Python开发(数据分析),https://jobs.51job.com/beijing-hdq/120528651.html?s=01&t=0,清控紫荆（北京）教育科技股份有限...,北京-海淀区,1.5-2.2万/月,03-26,"一、 工作内容: 
1. 负责各广告投放、销售活动的数据获取、清洗、统计分析；
2. 开发数据统计分析结果报告；
3. 基于统计分析结果为业务部门提供过程改进解决方案。
4. 完成领导交办的其他任务。 
二、任职资格: 
1. 统招本科以上学历，计算机、统计学、数学相关专业优先； 
2. 熟悉python语言、linux操作系统、熟练使用python常用模块。 
3. 熟练使用pandas、numpy等库多数据进行组织清洗；熟练使用数据可视化工具库(Matplotlib、Seaborn、Pyecharts)一种，可以简单对数据结果进行可视化处理；
4. 至少熟悉tornado/flask/django等一种python框架,有过接口开发经验。
5. 软件开发相关经验3年以上；
6. 具备较强的逻辑分析和数据分析能力，工作认真负责，耐心仔细，学习能力强 ；
职能类别：
Python开发工程师
微信分享"
Python开发工程师,https://jobs.51job.com/beijing-hdq/117620542.html?s=01&t=0,浙江华治数聚科技股份有限公司,北京-海淀区,1-1.5万/月,03-26,"1. 3 年以上 Python 开发经验，熟悉常见的服务端开发技术：Django/Mysql/Redis/Nginx/MongDB/MQ，熟练 Linux 的日常操作；
2. 了解计算机基本的系统原理：存储、网络、操作系统
2. 了解常见的在线交互、异步流程等系统设计方法，并能运用在实际业务当中；
3. 了解 Git 使用，代码有***。
职能类别：
软件工程师数据库工程师(DBA)
微信分享"
Python开发工程师,https://jobs.51job.com/beijing-xcq/120152956.html?s=01&t=0,北京凯普顿医药科技开发有限公司,北京-西城区,1-2万/月,03-26,"职位描述：
 ? 1. 参与爬虫系统的架构设计与开发，开发分布式网络爬虫，提取结构化信息，识别结构化信息的质量，设计爬虫策略和防屏蔽规则，提升网页抓取的效率和质量
2. 基于python的后台系统、脚本开发和维护，根据需求完成一些系统后台搭建、客户端脚本、运维脚本等开发工作
 ? 岗位要求：
 ? 1. 本科毕业，计算机/软件相关专业优先
2. 从事 Python 开发2-3年及以上，熟练使用 Python 进行各种需求的开发，有其它后台语言经验者优先，如java、nodejs等
3. 熟悉 Linux 开发环境，熟练使用 Shell、git/svn，了解运用ajax、JavaScript、html、css、div等前端技术
4. 有mysql、mongodb、redis等常用数据库的使用经验
5. 有高并发服务的设计和实现经验，对分布式系统有很好的理解
 6. 熟知计算机网络协议，了解操作系统核心原理，具备开发高效低延迟程序的能力
 7. 有爬虫工作经验者优先，具有数据挖掘、自然语言处理、信息检索、机器学习背景者优先
 8. 热衷研究新兴技术，对技术精进有要求，愿意学习大数据相关知识，并付诸实践。 
职能类别：
Python开发工程师
微信分享"
Python开发工程师,https://jobs.51job.com/beijing-hdq/114711267.html?s=01&t=0,天池创新（北京）软件技术有限公司...,北京-海淀区,1.5-2万/月,03-26,"岗位职责：（此岗位会进行背调，请保证简历的真实性）
1、海量数据的处理与分析；
2、开发自动化工具；
3、开发API接口共外部调用（高并发）
4、持续优化项目、性能调优等
5、参与项目的技术评审、代码评审等
6、参与项目需求分析、业务逻辑流程设计，技术文档编写
任职要求：
1、熟练使用python语言
2、熟练运用linux的基础命令
3、认真负责、勇于承担、自我学习能力强、善于沟通、有责任心、有良好的团队协作能力
职能类别：
软件工程师算法工程师
微信分享"
Java/Python软件工程师.,https://jobs.51job.com/beijing/98913477.html?s=01&t=0,南京拾柴信息科技有限公司,北京,0.8-2万/月,03-26,"工作职责：
1、 负责大数据类产品的系统设计和开发；
2、 负责数据后台服务的设计、开发、优化、测试等研发工作；
3、 和伙伴们一起研究技术；
4、 支撑前端开发，支撑数据工程师开发。

职位要求：
0、 扎实的计算机基础，熟练掌握数据结构、算法、计算机网络、操作系统等基础知识；
1、 具有高度的责任心，坚定的执行力，较强的沟通力，善于团队协作，主动思考，自我驱动力强；
2、 熟悉Java或Python开发；
3、 熟悉MySQL，Redis等常用数据库，具有数据库开发和设计能力；
4、 有Hadoop/Spark开发经验优先；
5、 有全栈开发经验优先；
6、 有数据挖掘、机器学习开发经验优先。
职能类别：
软件工程师高级软件工程师
关键字：
JavaPython大数据
微信分享"
EPR开发工程师（JAVA/Python）,https://jobs.51job.com/beijing-hdq/120823291.html?s=01&t=0,紫光同芯微电子有限公司,北京-海淀区,1.5-2.5万/月,03-26,"工作内容：
1、负责公司常规业务系统（ERP、BPM、BI报表、办公系统等）开发和运维;
2、参与业务需求整理，业务系统选型和评估;
3、参与系统二次开发、实施和运维;
4、负责内部功能性程序的开发。
任职资格：
1、本科及以上学历，计算机软件等相关专业；3年以上企业信息系统开发经验；
2、掌握并熟练运用JAVA/Python及主流框架；掌握并熟练运用WEB前端开发；
3、熟悉ERP系统、供应链、CRM、财务系统、人力系统、数据交换、BI等系统开发优先；
4．熟悉主流数据库系统使用和优化（Oracle / Postgre SQL / My SQL / SQL Server之一）优先；
5、团队合作，钻研精神，责任心强，承压力强。

职能类别：
Python开发工程师
关键字：
javapython
微信分享"
python开发工程师（舆情方向）,https://jobs.51job.com/beijing-cyq/120818816.html?s=01&t=0,太极计算机股份有限公司,北京-朝阳区,1.1-1.8万/月,03-26,"岗位职责:
1.帮助舆情处工作人员梳理历史报告，了解历史报告组成结构和变化
2.通过程序方法将历史报告结构化，包括标题，内容主题，分块等
3.根据舆情处对结构化算法的设计和要求，改进报告结构化方法并通过关键词组合和/或正则表达式进行实现


任职资格:
1.积极主动，具备一定沟通能力，能快速理解用户的工作需求
2.具备基础代码能力（***是具备脚本类语言经验，python能力为佳）
3.有文本处理程序开发经验更佳
职能类别：
Python开发工程师
微信分享"
Python开发工程师,https://jobs.51job.com/beijing-cyq/119888121.html?s=01&t=0,中国广视索福瑞媒介研究有限责任公...,北京-朝阳区,1.2-2万/月,03-26,"**工作职责**
1 后端的开发和部署；
2 已有项目的维护，bug处理等；
2 与产品和前端沟通，确定技术路线、解决前后端联调中的问题等；
**技术要求**
1 熟悉Python；
2 熟悉Django框架和Django RestFul框架；
3 熟悉HTTP协议；
4 对Redis，Elasticsearch，Celery，PostgreSQL等常规后端技术栈有充分的了解，在实际工作中对其中一种或者多种有过应用；
5 理解前端常规技术和原理，理解JavaScript，NodeJs；
6 理解ci，在实际工作中有部署ci的经验；
7 理解自动化测试，在实际工作中有部署自动化测试的经验；
8 熟悉git，理解常规的版本控制原理和良好实践；
9 熟练阅读英文文档
**团队要求**
1 工作主动性强，自我驱动，目标导向，结果导向，对进度和结果负责；
2 良好的团队意识和沟通技巧，能理解团队有成绩个人才有成绩；
3 独立分析和解决问题的能力；
4 抗压能力强。
职能类别：
Python开发工程师
关键字：
python
微信分享"
Python开发工程师-北京-05233,https://jobs.51job.com/beijing/119784604.html?s=01&t=0,博彦科技股份有限公司,北京,0.9-1.3万/月,03-26,"岗位职责
（1）全面、认真地理解系统需求和系统设计。
（2）对系统设计进行实现最后层次的细化工作。
（3）独立承担编制代码及代码的单元测试工作。
（4）负责解决开发中遇到的较复杂的技术难题和技术攻关。
（5）负责核心业务、公共组件等重要功能的编程实现。
（6）认真贯彻执行公司质量体系文件及其相关制度的管理要求。
（7）执行公司、中心各项管理制度、标准作业规程和操作规范，确保各项工作符合规范化要求。
任职要求
（1）学历大专及以上，实际工作两年及以上。
（2）精通OO，AOP，设计模式，熟悉多线程并发，网络编程技术。
（3）精通python 技术栈，包括 pandas，numpy等，熟悉使用python进行数据处理。
（4）熟练使用Mysql、Oracle数据库，掌握sql语言规范，具有国产数据库、分布式数据经验者加分。
（5）有分布式开发经验、熟练使用分布式服务框架，消息中间件和分布式存储系统等。
（6）对技术有强烈的兴趣，喜欢钻研，具有良好的学习能力，沟通技能，团队合作能力。
职能类别：
软件工程师
微信分享"
Python开发（AI语音识别方向）,https://jobs.51job.com/beijing-hdq/118385358.html?s=01&t=0,中软国际科技服务有限公司,北京-海淀区,1-1.5万/月,03-26,"SPEECH
背景介绍：
近些年来，随着移动互联网和移动终端设备的高速发展，语音识别也开始步入到我们的日常生活中，并逐渐为大众所了解，语音识别的发展也日新月异。语音技术正伴随着设备计算能力、网络技术等的发展，从实验室走入现实生活，从“超前”、不成熟变成越来越有价值的商业应用，这项技术使人类以最自然的方式与设备交互从而正在改变未来。在移动互联网，智能家居，可穿戴设备，车载设备等领域的广阔前景，使全球各大科技公司（微软、苹果、谷歌、三星、百度...）都在争相投入巨资进行研发。
中软语音团队与微软合作，在这个领域潜心耕耘了14年，我们的工程师正在与微软科学家一起为Cortana智能语音助手、Skype Translator等产品共同努力。热忱期待有专业的语音识别或自然语言处理背景的专家，同时也欢迎有坚实的计算机科学基础，对于新技术有强烈渴望、有创新精神、致力于语音技术发展的优秀人才加入我们。
项目名称 Speech （认真严谨）语音识别开发
岗位名称（中文） 开发工程师（北京）
技能点：Java/C/C++/Python
级别：中高级 3年以上
岗位职责:
1、产品模型识别缺陷修复
2、产品模型识别缺陷修复
涉及的工具开发，40%开发量
3、产品模型识别缺陷跟踪，汇报
必备项(Must)
1）必须具备 Python
2）熟练掌握 或C/C++
3）可以独立使用的技能 或Java
岗位要求： 3年以上Java/C/C++/Python 工作经验，大专（学信网可查）及以上工作经验，英语口语可以开口做简单的英语自我介绍，项目的一些对接，简单的英译汉，汉译英翻译，计算机相关专业。有2年以上编程经验，至少熟练一种编程语言，如 C/C++/C#/Java/Python
· 熟练使用至少一种脚本语言，perl优先 。
· 精通正则表达式，并有实际文本处理经验。
· 细心，有负责心，善于学习，钻研，较强的沟通能力。
· 通过英语四级，可以用英文进行书面汇报。
有语音识别背景优先
· 熟悉多国语言者优先。
工作时间：弹性工作制：早8:30--17:30 或早9:30--18:30 周末双休
五险一金 法定节假日休息 薪资体面议，
工作地点：北京市海淀区美丽园中路16号院5号楼 裕友大厦4层
职能类别：
语音识别工程师
关键字：
PythonCC++JAVA开发产品人工智能
微信分享"
Python开发工程师,https://jobs.51job.com/beijing-hdq/119333598.html?s=01&t=0,北京中科三方网络技术有限公司,北京-海淀区,0.8-1万/月,03-25,"岗位职责：
负责网页信息抽取、数据清洗等研发和优化工作；
负责公司数据仓库平台的 ETL 分析、设计、开发工作。   
任职资格：
统招本科以上学历，985/211院校2020年应届生，计算机相关专业；
熟悉 Linux 平台开发，精通 Python 编程；
精通网页抓取原理及技术；
精通正则表达式，从结构化的和非结构化的数据中获取信息；
熟悉 MySQL、Redis、MongoDB 等数据库；
需要先实习，有解决北京户口的机会。
职能类别：
大数据开发工程师
关键字：
pythonlinux爬虫北京户口
微信分享"
